Workbook

Sheet Dashboard
A1: INCIDENT DATABASE — SUMMARY DASHBOARD
A3: Total Incidents | B3: =COUNTA('Incident Database'!A4:A383) -> 380
A4: Total Downtime (hrs) | B4: =SUM('Incident Database'!R4:R383) -> 2261.1
A5: Total Loss (k US$) | B5: =SUM('Incident Database'!U4:U383) -> 67194.43
A6: Avg Loss per Incident (k US$) | B6: =B5/B3 -> 176.82745
A8: By Overall Status | D8: By Discipline | F8: Loss (k$)
A9: RISK CLOSED | B9: =COUNTIF('Incident Database'!M4:M383,"RISK CLOSED") -> 113 | D9: ROT | E9: =COUNTIF('Incident Database'!N4:N383,"ROT") -> 145 | F9: =SUMIF('Incident Database'!N4:N383,"ROT",'Incident Database'!U4:U383) -> 26833.62
A10: CA/PA EXECUTION | B10: =COUNTIF('Incident Database'!M4:M383,"CA/PA EXECUTION") -> 92 | D10: INS | E10: =COUNTIF('Incident Database'!N4:N383,"INS") -> 87 | F10: =SUMIF('Incident Database'!N4:N383,"INS",'Incident Database'!U4:U383) -> 15717.27
A11: RCA PROCESS | B11: =COUNTIF('Incident Database'!M4:M383,"RCA PROCESS") -> 71 | D11: STA | E11: =COUNTIF('Incident Database'!N4:N383,"STA") -> 87 | F11: =SUMIF('Incident Database'!N4:N383,"STA",'Incident Database'!U4:U383) -> 14465.57
A12: RISK CANCELED | B12: =COUNTIF('Incident Database'!M4:M383,"RISK CANCELED") -> 47 | D12: ELE | E12: =COUNTIF('Incident Database'!N4:N383,"ELE") -> 61 | F12: =SUMIF('Incident Database'!N4:N383,"ELE",'Incident Database'!U4:U383) -> 10177.97
A13: MONITORING RESULT | B13: =COUNTIF('Incident Database'!M4:M383,"MONITORING RESULT") -> 37
A14: NEW REGISTERED | B14: =COUNTIF('Incident Database'!M4:M383,"NEW REGISTERED") -> 20
A16: By Plant | C16: Loss (k$) | D16: By Equipment Type
A17: ZCU | B17: =COUNTIF('Incident Database'!D4:D383,"ZCU") -> 62 | C17: =SUMIF('Incident Database'!D4:D383,"ZCU",'Incident Database'!U4:U383) -> 11112.66 | D17: PU | E17: =COUNTIF('Incident Database'!O4:O383,"PU") -> 31
A18: ARP | B18: =COUNTIF('Incident Database'!D4:D383,"ARP") -> 49 | C18: =SUMIF('Incident Database'!D4:D383,"ARP",'Incident Database'!U4:U383) -> 9083.29 | D18: CO | E18: =COUNTIF('Incident Database'!O4:O383,"CO") -> 25
A19: OPP | B19: =COUNTIF('Incident Database'!D4:D383,"OPP") -> 42 | C19: =SUMIF('Incident Database'!D4:D383,"OPP",'Incident Database'!U4:U383) -> 7544.96 | D19: BL | E19: =COUNTIF('Incident Database'!O4:O383,"BL") -> 31
A20: OP2 | B20: =COUNTIF('Incident Database'!D4:D383,"OP2") -> 37 | C20: =SUMIF('Incident Database'!D4:D383,"OP2",'Incident Database'!U4:U383) -> 5808.57 | D20: FA | E20: =COUNTIF('Incident Database'!O4:O383,"FA") -> 17
A21: SMX | B21: =COUNTIF('Incident Database'!D4:D383,"SMX") -> 42 | C21: =SUMIF('Incident Database'!D4:D383,"SMX",'Incident Database'!U4:U383) -> 7434.88 | D21: EM | E21: =COUNTIF('Incident Database'!O4:O383,"EM") -> 40
A22: BRP | B22: =COUNTIF('Incident Database'!D4:D383,"BRP") -> 26 | C22: =SUMIF('Incident Database'!D4:D383,"BRP",'Incident Database'!U4:U383) -> 5099.84 | D22: VA | E22: =COUNTIF('Incident Database'!O4:O383,"VA") -> 15
A23: OP3 | B23: =COUNTIF('Incident Database'!D4:D383,"OP3") -> 32 | C23: =SUMIF('Incident Database'!D4:D383,"OP3",'Incident Database'!U4:U383) -> 5264.34 | D23: TX | E23: =COUNTIF('Incident Database'!O4:O383,"TX") -> 47
A24: NUP | B24: =COUNTIF('Incident Database'!D4:D383,"NUP") -> 24 | C24: =SUMIF('Incident Database'!D4:D383,"NUP",'Incident Database'!U4:U383) -> 5489.07 | D24: HB | E24: =COUNTIF('Incident Database'!O4:O383,"HB") -> 21
A25: CRP | B25: =COUNTIF('Incident Database'!D4:D383,"CRP") -> 25 | C25: =SUMIF('Incident Database'!D4:D383,"CRP",'Incident Database'!U4:U383) -> 3344.59 | D25: TK | E25: =COUNTIF('Incident Database'!O4:O383,"TK") -> 19
A26: BDX | B26: =COUNTIF('Incident Database'!D4:D383,"BDX") -> 20 | C26: =SUMIF('Incident Database'!D4:D383,"BDX",'Incident Database'!U4:U383) -> 2791.42 | D26: RX | E26: =COUNTIF('Incident Database'!O4:O383,"RX") -> 22
A27: OPU | B27: =COUNTIF('Incident Database'!D4:D383,"OPU") -> 14 | C27: =SUMIF('Incident Database'!D4:D383,"OPU",'Incident Database'!U4:U383) -> 3202.86 | D27: PZ | E27: =COUNTIF('Incident Database'!O4:O383,"PZ") -> 24
A28: TKX | B28: =COUNTIF('Incident Database'!D4:D383,"TKX") -> 7 | C28: =SUMIF('Incident Database'!D4:D383,"TKX",'Incident Database'!U4:U383) -> 1017.95 | D28: SX | E28: =COUNTIF('Incident Database'!O4:O383,"SX") -> 21

Sheet Incident Database
A1: EQUIPMENT RELATED RISK — INCIDENT DATABASE (RCA & CAPA/PAA)
A3: Serial No | B3: MTO No. | C3: AR No. | D3: Plant | E3: Tag Number | F3: Eq. Class | G3: Date of Occur. | H3: Risk Case Title | I3: Highest Impact | J3: Pre-Risk | K3: Risk Score | L3: PIC (RCA) | M3: Overall Status | N3: Discipline | O3: Eq. Type | P3: Component | Q3: F Mechanism | R3: Downtime (hrs) | S3: Act. Loss (k US$) | T3: Pot. Loss (k US$) | U3: Total Loss (k US$) | V3: RCA Due Date | W3: Month - Year
A4: 1 | B4: MTO-2026-ARP-0031 | C4: AR-2026-ARP-0117 | D4: ARP | E4: PU-2101B | F4: B | G4: 2026-03-12 | H4: Feed — Mechanical Seal Leakage | I4: Uptime Loss | J4: III | K4: 200 | L4: REL-05 | M4: CA/PA EXECUTION | N4: ROT | O4: PU | P4: Mechanical Seal | Q4: Mechanical | R4: 18.5 | S4: 226.44 | T4: 67.93 | U4: 294.37 | V4: 2026-04-26 | W4: Mar-2026
A5: 2 | B5: MTO-2026-ZCU-0058 | C5: AR-2026-ZCU-0142 | D5: ZCU | E5: KO-3201 | F5: A | G5: 2026-04-29 | H5: Cracked — High Radial Vibration Trip (Bearing Distress) | I5: Class A Eq. Breakdown | J5: II | K5: 4000 | L5: REL-05 | M5: CA/PA EXECUTION | N5: ROT | O5: CO | P5: Journal Bearing | Q5: High | R5: 32 | S5: 1584 | T5: 475.2 | U5: 2059.2 | V5: 2026-06-13 | W5: Apr-2026
A6: 3 | B6: MTO-2026-NUP-0024 | C6: AR-2026-NUP-0089 | D6: NUP | E6: PM-4405B | F6: B | G6: 2026-07-08 | H6: Cooling — Motor Bearing Failure (Overheating) | I6: Uptime Loss | J6: III | K6: 200 | L6: REL-02 | M6: CA/PA EXECUTION | N6: ELE | O6: EM | P6: Motor Bearing | Q6: Motor | R6: 8 | S6: 112 | T6: 33.6 | U6: 145.6 | V6: 2026-08-22 | W6: Jul-2026
A7: 4 | B7: MTO-2026-ZCU-0071 | C7: AR-2026-ZCU-0165 | D7: ZCU | E7: HE-3301 | F7: B | G7: 2026-05-21 | H7: Feed/Effluent — High Fouling — Duty Loss & High dP | I7: Uptime Loss | J7: III | K7: 400 | L7: STA-02 | M7: CA/PA EXECUTION | N7: STA | O7: HB | P7: Tube Bundle | Q7: High | R7: 12 | S7: 183.6 | T7: 55.08 | U7: 238.68 | V7: 2026-07-05 | W7: May-2026
A8: 5 | B8: MTO-2026-OPP-0096 | C8: AR-2026-OPP-0203 | D8: OPP | E8: BL-5702 | F8: A | G8: 2026-06-17 | H8: Product — High Vibration (Coupling Misalignment) | I8: Class A Eq. Breakdown | J8: III | K8: 400 | L8: ROT-01 | M8: CA/PA EXECUTION | N8: ROT | O8: BL | P8: Coupling | Q8: High | R8: 14 | S8: 478.8 | T8: 143.64 | U8: 622.44 | V8: 2026-08-01 | W8: Jun-2026
A9: 6 | B9: MTO-2024-OPP-0006 | C9: n/a | D9: OPP | E9: TR-8242A | F9: B | G9: 2024-05-01 | H9: TR-8242A Rotor High Vibration | I9: Class A Eq. Breakdown | J9: IV | K9: 60 | L9: ELE-02 | M9: RCA PROCESS | N9: ELE | O9: TR | P9: Rotor | Q9: High Vibration | R9: 4.7 | S9: 184.02 | T9: 37.55 | U9: 221.57 | V9: 2024-06-30 | W9: May-2024
A10: 7 | B10: MTO-2025-ARP-0007 | C10: AR-2025-ARP-0020 | D10: ARP | E10: CV-7690 | F10: A | G10: 2025-03-27 | H10: CV-7690 Motor Low Performance | I10: Equipment Bad Actor | J10: III | K10: 600 | L10: ELE-01 | M10: CA/PA EXECUTION | N10: INS | O10: VA | P10: Motor | Q10: Low Performance | R10: 0 | S10: 4.03 | T10: 49.98 | U10: 54.01 | V10: 2025-05-26 | W10: Mar-2025
A11: 8 | B11: MTO-2024-ZCU-0008 | C11: AR-2024-ZCU-0130 | D11: ZCU | E11: PZ-2154 | F11: A | G11: 2024-12-14 | H11: PZ-2154 Gasket Leakage | I11: UPSD / Delay Start-up | J11: IV | K11: 40 | L11: ELE-01 | M11: CA/PA EXECUTION | N11: INS | O11: PZ | P11: Gasket | Q11: Leakage | R11: 1.8 | S11: 82.03 | T11: 24.92 | U11: 106.95 | V11: 2025-02-12 | W11: Dec-2024
A12: 9 | B12: MTO-2026-SMX-0009 | C12: n/a | D12: SMX | E12: SW-5620C | F12: A | G12: 2026-06-15 | H12: SW-5620C Impeller Worn Out | I12: Equipment Bad Actor | J12: III | K12: 200 | L12: ELE-02 | M12: RISK CANCELED | N12: ELE | O12: SW | P12: Impeller | Q12: Worn Out | R12: 0 | S12: 0.51 | T12: 0 | U12: 0.51 | V12: n/a | W12: Jun-2026
A13: 10 | B13: MTO-2025-ARP-0010 | C13: n/a | D13: ARP | E13: PM-6523C | F13: B | G13: 2025-04-26 | H13: PM-6523C Gasket Leakage | I13: UPSD / Delay Start-up | J13: II | K13: 4000 | L13: REL-03 | M13: RCA PROCESS | N13: ELE | O13: EM | P13: Gasket | Q13: Leakage | R13: 8.4 | S13: 415.26 | T13: 39.99 | U13: 455.25 | V13: 2025-06-25 | W13: Apr-2025
A14: 11 | B14: MTO-2025-SMX-0011 | C14: AR-2025-SMX-0125 | D14: SMX | E14: SW-3411B | F14: A | G14: 2025-12-16 | H14: SW-3411B Control Valve Leakage | I14: Uptime Loss | J14: III | K14: 400 | L14: INS-01 | M14: RISK CANCELED | N14: ELE | O14: SW | P14: Valve | Q14: Leakage | R14: 1.3 | S14: 26.75 | T14: 0 | U14: 26.75 | V14: n/a | W14: Dec-2025
A15: 12 | B15: MTO-2025-SMX-0012 | C15: n/a | D15: SMX | E15: RX-6438 | F15: B | G15: 2025-04-22 | H15: RX-6438 Shaft Crack | I15: Uptime Loss | J15: II | K15: 2000 | L15: ELE-02 | M15: CA/PA EXECUTION | N15: STA | O15: RX | P15: Shaft | Q15: Crack | R15: 17.3 | S15: 722.5 | T15: 12.94 | U15: 735.44 | V15: 2025-05-22 | W15: Apr-2025
... A383: 380 | B383: MTO-2024-OP2-0380 | C383: n/a | D383: OP2 | E383: KO-7858 | F383: B | G383: 2024-06-18 | H383: KO-7858 Oil Seal Leakage | I383: Equipment Bad Actor | J383: III | K383: 600 | L383: ELE-02 | M383: RISK CLOSED | N383: ROT | O383: CO | P383: Oil Seal | Q383: Leakage | R383: 0 | S383: 0.99 | T383: 0 | U383: 0.99 | V383: n/a | W383: Jun-2024
